Workbook

Sheet Read me
A1: AC101 — Session 3: Cost Allocation & ABC (Excel companion)
A3: Same data and answers as the notebook, with live formulas.
A5: 'Pools' : the five overhead cost pools and their drivers.
A6: 'Products' : each model's volume, drivers, price and materials.
A7: 'Calc' : traditional (one blended rate) vs ABC (a rate per pool).
A9: Blue cells are FORMULAS. Try changing Cybertruck's assembly hours on 'Products'
A10: and watch its ABC overhead — and margin — move on 'Calc'.

Sheet Pools
A1: Cost pool | B1: Annual cost ($m) | C1: Driver
A2: assembly | B2: 2400 | C2: assembly_hours
A3: battery_systems | B3: 3200 | C3: kwh_capacity
A4: quality_testing | B4: 800 | C4: test_cycles
A5: logistics | B5: 1200 | C5: shipments
A6: facilities | B6: 1600 | C6: square_feet

Sheet Products
A1: Model | B1: Volume | C1: Assembly hrs | D1: kWh | E1: Tests | F1: Price | G1: Materials
A2: Model Y | B2: 650000 | C2: 12 | D2: 75 | E2: 3 | F2: 44000 | G2: 18000
A3: Model 3 | B3: 500000 | C3: 10 | D3: 60 | E3: 3 | F3: 39000 | G3: 15000
A4: Model S | B4: 20000 | C4: 18 | D4: 100 | E4: 5 | F4: 89000 | G4: 28000
A5: Model X | B5: 20000 | C5: 20 | D5: 100 | E5: 5 | F5: 99000 | G5: 32000
A6: Cybertruck | B6: 40000 | C6: 25 | D6: 123 | E6: 6 | F6: 80000 | G6: 35000

Sheet Calc
A1: Rates & driver totals
A2: Blended overhead rate ($/car) | B2: =SUM(Pools!B2:B6)*1000000/SUM(Products!B2:B6)
A3: Assembly $/hr | B3: =Pools!B2*1000000/SUMPRODUCT(Products!B2:B6,Products!C2:C6)
A4: Battery $/kWh | B4: =Pools!B3*1000000/SUMPRODUCT(Products!B2:B6,Products!D2:D6)
A5: Quality $/test | B5: =Pools!B4*1000000/SUMPRODUCT(Products!B2:B6,Products!E2:E6)
A6: Logistics $/car | B6: =Pools!B5*1000000/SUM(Products!B2:B6)
A7: Facilities $/car | B7: =Pools!B6*1000000/SUM(Products!B2:B6)
A10: Model | B10: Trad OH | C10: ABC OH | D10: Trad margin | E10: ABC margin
A11: =Products!A2 | B11: =$B$2 | C11: =Products!C2*$B$3+Products!D2*$B$4+Products!E2*$B$5+$B$6+$B$7 | D11: =(Products!F2-Products!G2-B11)/Products!F2 | E11: =(Products!F2-Products!G2-C11)/Products!F2
A12: =Products!A3 | B12: =$B$2 | C12: =Products!C3*$B$3+Products!D3*$B$4+Products!E3*$B$5+$B$6+$B$7 | D12: =(Products!F3-Products!G3-B12)/Products!F3 | E12: =(Products!F3-Products!G3-C12)/Products!F3
A13: =Products!A4 | B13: =$B$2 | C13: =Products!C4*$B$3+Products!D4*$B$4+Products!E4*$B$5+$B$6+$B$7 | D13: =(Products!F4-Products!G4-B13)/Products!F4 | E13: =(Products!F4-Products!G4-C13)/Products!F4
A14: =Products!A5 | B14: =$B$2 | C14: =Products!C5*$B$3+Products!D5*$B$4+Products!E5*$B$5+$B$6+$B$7 | D14: =(Products!F5-Products!G5-B14)/Products!F5 | E14: =(Products!F5-Products!G5-C14)/Products!F5
A15: =Products!A6 | B15: =$B$2 | C15: =Products!C6*$B$3+Products!D6*$B$4+Products!E6*$B$5+$B$6+$B$7 | D15: =(Products!F6-Products!G6-B15)/Products!F6 | E15: =(Products!F6-Products!G6-C15)/Products!F6
